{
	"class_name" : "PinholeCameraParameters",
	"extrinsic" : 
	[
		0.28268010525144738,
		-0.39148782389787212,
		0.87568786781292074,
		0.0,
		-0.95892560283400663,
		-0.13773074598011589,
		0.24797566380836225,
		0.0,
		0.023529690275644628,
		-0.90981730328207622,
		-0.41434143930345996,
		0.0,
		-1.8145719683867718,
		-1.7038419874834325,
		42.417293307907507,
		1.0
	],
	"intrinsic" : 
	{
		"height" : 1052,
		"intrinsic_matrix" : 
		[
			911.05872478122956,
			0.0,
			0.0,
			0.0,
			911.05872478122956,
			0.0,
			926.0,
			525.5,
			1.0
		],
		"width" : 1853
	},
	"version_major" : 1,
	"version_minor" : 0
}